session_time,clicks,pages_visited,last_login_days,purchase_count,churn
30,31,9,5,4,0
82,13,5,1,4,0
115,34,12,3,4,0
5,7,2,26,0,1
70,38,10,4,5,0
18,1,4,49,1,1
55,35,8,3,4,0
81,15,10,2,4,0
53,28,15,5,3,0
71,37,4,1,1,0
107,39,15,5,4,0
51,18,16,7,5,0
43,25,12,1,1,0
19,11,2,35,1,1
34,1,1,54,1,1
91,9,16,5,5,0
8,11,3,18,1,1
90,8,4,6,5,0
1,9,2,58,0,1
106,24,8,6,4,0
92,24,4,5,4,0
103,15,3,2,1,0
63,17,15,7,4,0
59,33,10,9,7,0
77,25,16,2,2,0
2,5,1,23,1,1
44,26,11,1,1,0
31,3,2,35,1,1
29,23,9,10,8,0
12,5,3,31,0,1
73,13,3,4,8,0
9,2,1,47,0,1
21,6,2,52,0,1
61,16,14,6,6,0
6,9,4,61,0,1
1,9,1,42,1,1
54,26,11,9,5,0
110,15,5,4,2,0
59,33,9,1,5,0
84,35,9,2,1,0
82,25,16,4,1,0
74,26,12,3,7,0
32,1,3,26,0,1
12,11,1,25,0,1
8,8,1,29,0,1
86,19,9,7,4,0
65,39,5,10,5,0
28,11,9,4,5,0
71,25,12,6,2,0
85,11,11,8,4,0
117,37,6,8,5,0
120,20,13,2,4,0
67,22,11,9,1,0
26,5,5,40,1,1
23,2,2,29,1,1
57,16,3,3,4,0
112,29,6,6,7,0
5,3,3,27,0,1
50,26,7,10,8,0
89,30,14,7,7,0
66,35,14,5,8,0
69,15,7,3,6,0
119,15,15,5,2,0
41,17,10,3,1,0
13,6,4,46,0,1
76,21,13,9,7,0
76,29,12,8,1,0
63,22,9,3,8,0
23,9,2,16,1,1
36,33,13,4,1,0
48,25,14,1,4,0
48,32,6,6,2,0
10,7,3,17,0,1
32,10,1,35,1,1
27,38,10,9,8,0
17,4,4,52,1,1
59,37,6,6,8,0
14,1,4,31,0,1
109,31,7,5,1,0
22,10,2,53,1,1
63,24,15,4,5,0
74,24,15,6,6,0
48,32,6,3,2,0
9,9,3,16,0,1
115,29,6,3,1,0
94,14,4,6,5,0
37,19,10,4,2,0
32,13,5,10,5,0
23,11,2,62,1,1
9,9,1,48,0,1
53,28,6,5,1,0
36,15,9,6,5,0
30,9,3,37,0,1
27,5,2,16,0,1
17,2,5,57,1,1
44,29,3,3,6,0
121,36,14,4,1,0
11,9,5,29,0,1
22,4,3,32,1,1
95,17,14,5,1,0
86,39,12,9,1,0
101,22,12,7,8,0
42,37,9,7,8,0
27,4,2,45,0,1
7,8,2,52,0,1
92,24,8,7,3,0
6,4,3,58,1,1
65,37,14,7,8,0
100,33,13,4,8,0
61,38,10,1,6,0
30,15,11,8,6,0
1,4,4,52,0,1
85,32,5,8,6,0
90,37,11,1,2,0
44,33,15,7,2,0
3,7,1,28,1,1
98,33,6,5,3,0
22,10,2,25,1,1
26,9,3,56,0,1
82,33,8,3,5,0
98,22,13,2,5,0
116,33,16,2,8,0
59,27,9,5,3,0
82,11,13,5,3,0
43,35,12,4,5,0
10,3,5,15,0,1
82,10,9,6,2,0
113,38,10,4,4,0
107,18,13,1,8,0
32,21,10,3,2,0
119,39,15,5,7,0
19,8,3,12,1,1
4,5,2,15,1,1
52,30,13,5,1,0
6,2,1,50,0,1
44,12,11,2,3,0
59,26,8,3,3,0
41,27,10,9,6,0
110,9,14,9,5,0
11,1,4,58,1,1
47,20,14,7,6,0
112,25,6,7,2,0
60,24,10,6,8,0
75,32,7,2,3,0
1,9,1,60,1,1
24,7,2,35,1,1
18,6,2,15,0,1
105,20,5,10,5,0
23,9,1,49,1,1
9,1,3,18,1,1
97,15,10,5,8,0
23,12,1,12,0,1
115,23,10,8,8,0
88,13,7,6,8,0
104,10,4,3,5,0
27,26,16,4,3,0
110,36,8,3,7,0
34,7,4,45,1,1
67,16,12,4,6,0
81,25,5,4,5,0
111,13,13,5,4,0
53,16,6,4,3,0
107,34,12,6,6,0
90,28,8,10,5,0
88,22,5,1,6,0
96,24,12,5,1,0
86,26,7,1,8,0
54,13,8,9,8,0
77,41,7,5,7,0
41,29,13,5,5,0
111,16,10,2,7,0
83,32,8,9,3,0
32,22,7,2,4,0
9,4,4,63,0,1
70,37,12,5,7,0
12,7,1,39,1,1
89,16,12,5,5,0
13,4,5,42,1,1
6,6,3,44,0,1
8,9,2,36,0,1
76,26,8,1,7,0
39,35,14,7,6,0
13,1,4,38,0,1
17,10,3,16,1,1
107,36,14,7,2,0
94,29,6,9,3,0
106,23,5,9,2,0
89,28,4,5,8,0
17,2,2,24,0,1
75,35,13,1,8,0
14,1,3,23,0,1
98,25,7,2,4,0
78,23,9,8,8,0
9,10,4,15,1,1
70,14,6,5,5,0
90,22,11,1,6,0
106,21,10,7,3,0
39,19,13,6,6,0
83,42,8,6,8,0
65,29,8,5,2,0
103,12,9,8,5,0
19,3,2,20,0,1
30,8,3,56,0,1
20,2,2,42,0,1
6,4,2,40,0,1
95,24,9,8,7,0
84,26,15,8,6,0
42,25,11,8,1,0
74,39,14,3,6,0
104,20,5,9,5,0
110,42,14,5,3,0
107,13,4,1,1,0
20,10,1,41,1,1
18,6,3,41,0,1
56,20,13,2,6,0
20,7,1,32,0,1
40,10,8,7,7,0
10,3,4,41,1,1
84,26,10,1,4,0
105,40,13,5,8,0
63,31,9,6,7,0
55,23,12,6,2,0
105,32,13,2,3,0
79,32,5,1,7,0
69,37,12,5,8,0
112,20,7,7,5,0
120,28,9,3,1,0
19,7,2,48,1,1
17,7,1,46,1,1
6,3,1,38,1,1
105,41,10,10,1,0
111,26,13,5,6,0
120,35,14,6,5,0
66,18,8,9,5,0
66,19,4,6,7,0
42,20,10,9,5,0
105,34,7,2,2,0
93,18,14,4,1,0
52,11,12,2,7,0
7,8,2,54,0,1
24,2,2,36,0,1
33,7,1,11,1,1
115,28,12,4,3,0
9,1,5,52,1,1
21,6,2,48,1,1
40,13,6,6,6,0
63,40,10,3,1,0
50,26,9,3,7,0
20,4,3,49,0,1
110,20,9,9,8,0
1,11,3,42,1,1
27,9,3,48,0,1
59,33,12,6,2,0
88,24,14,1,8,0
25,34,7,4,2,0
36,40,4,4,1,0
26,8,2,37,1,1
77,12,7,5,7,0
29,2,2,39,1,1
44,19,8,5,2,0
42,11,12,1,8,0
56,29,7,7,1,0
23,10,2,49,1,1
73,19,5,7,3,0
77,40,15,8,7,0
66,21,6,7,8,0
4,8,4,36,0,1
36,41,12,7,6,0
74,30,14,8,1,0
54,36,10,2,1,0
27,7,3,55,0,1
14,10,3,31,1,1
90,35,8,5,6,0
24,2,1,27,1,1
101,37,8,6,6,0
72,17,7,5,8,0
40,39,15,1,1,0
49,8,8,8,8,0
18,6,2,11,1,1
63,8,11,10,7,0
53,30,11,4,6,0
15,8,3,53,0,1
83,20,13,4,1,0
88,28,8,5,2,0
20,10,5,30,0,1
8,4,1,23,0,1
103,35,11,5,6,0
70,11,6,7,4,0
16,7,1,51,1,1
74,25,6,6,7,0
5,5,2,33,0,1
65,23,8,7,5,0
96,25,12,7,2,0
101,35,9,9,7,0
30,10,1,46,0,1
65,25,6,2,3,0
43,23,7,4,8,0
68,11,10,5,7,0
33,9,2,30,1,1
84,39,9,5,8,0
84,23,4,8,4,0
88,38,15,4,8,0
69,18,7,8,3,0
20,8,4,47,1,1
37,15,6,9,6,0
19,5,2,61,1,1
98,27,13,8,4,0
22,7,2,34,0,1
4,3,1,35,1,1
90,11,11,5,8,0
10,1,4,51,0,1
102,14,9,5,7,0
116,25,10,3,4,0
61,14,9,7,2,0
58,24,6,5,8,0
109,12,10,4,8,0
18,2,1,30,0,1
52,27,10,4,3,0
100,32,13,2,3,0
82,30,3,7,6,0
20,10,4,36,1,1
32,34,8,4,1,0
91,30,14,10,8,0
101,38,8,7,1,0
115,34,7,2,1,0
49,35,6,5,6,0
60,36,8,8,1,0
55,20,16,2,5,0
79,38,3,4,3,0
31,8,4,21,1,1
41,23,12,7,5,0
37,35,11,6,6,0
27,4,5,30,1,1
87,33,10,8,1,0
48,23,12,2,7,0
61,12,15,3,5,0
111,17,16,5,4,0
94,13,5,4,4,0
30,1,3,56,0,1
40,14,8,3,5,0
104,10,14,6,3,0
47,37,9,5,8,0
17,6,3,36,1,1
101,29,14,8,5,0
52,34,10,2,1,0
111,29,4,7,1,0
22,5,2,47,0,1
66,16,5,4,7,0
14,5,1,49,0,1
57,37,7,4,6,0
81,34,6,3,4,0
33,17,15,6,3,0
4,8,2,44,1,1
8,1,3,40,1,1
95,26,11,4,1,0
41,40,12,5,2,0
3,3,1,39,1,1
114,23,7,2,4,0
43,28,13,3,3,0
89,35,9,9,5,0
59,18,13,8,5,0
90,32,7,5,4,0
69,31,16,2,6,0
94,17,9,3,1,0
32,7,5,53,1,1
112,35,9,2,1,0
70,40,10,6,6,0
51,13,13,3,3,0
47,27,9,8,4,0
2,3,2,54,0,1
12,6,1,55,1,1
15,8,1,15,1,1
58,12,8,10,7,0
36,8,5,1,8,0
90,12,5,7,7,0
6,7,1,20,1,1
109,19,14,2,8,0
84,16,9,4,4,0
14,8,3,31,1,1
61,10,9,1,8,0
3,6,2,28,0,1
29,5,1,26,1,1
17,4,1,40,1,1
102,17,5,5,8,0
9,5,4,13,0,1
34,10,4,13,1,1
76,15,7,7,7,0
99,34,12,9,6,0
122,20,7,1,1,0
72,38,13,1,2,0
72,13,14,1,6,0
33,19,8,9,2,0
10,8,3,36,1,1
15,4,1,39,0,1
40,10,10,1,7,0
109,37,12,8,1,0
45,22,7,3,7,0
39,9,10,4,8,0
65,34,13,6,8,0
66,13,11,9,2,0
11,2,3,23,1,1
90,22,7,1,5,0
77,33,12,7,4,0
100,31,10,7,4,0
21,1,1,17,1,1
89,11,15,5,4,0
41,12,10,8,7,0
27,36,14,5,7,0
103,36,5,3,2,0
108,24,13,7,8,0
108,31,16,4,1,0
90,39,8,4,1,0
31,2,2,20,1,1
43,18,11,1,7,0
47,14,9,5,7,0
57,34,4,2,1,0
94,24,9,7,2,0
87,14,11,4,6,0
77,10,7,7,4,0
84,25,5,7,1,0
36,17,8,7,5,0
21,7,3,41,1,1
33,28,15,8,6,0
48,25,5,4,5,0
25,7,2,20,0,1
26,2,4,27,1,1
108,38,8,5,4,0
22,4,3,20,0,1
30,7,1,54,1,1
73,23,9,2,5,0
113,27,14,4,2,0
11,8,2,37,0,1
99,36,11,3,6,0
54,20,13,1,1,0
55,26,5,4,7,0
14,1,1,47,0,1
114,10,14,6,4,0
89,28,8,4,2,0
21,10,3,37,0,1
79,8,8,5,3,0
77,32,15,10,1,0
31,29,5,8,1,0
98,16,11,8,3,0
24,7,4,52,0,1
48,34,5,7,4,0
16,8,2,22,0,1
34,11,13,1,2,0
6,2,3,53,0,1
52,37,4,6,5,0
35,10,6,9,3,0
42,22,9,3,2,0
20,7,5,50,0,1
33,4,1,39,1,1
77,30,3,9,3,0
43,20,15,6,1,0
11,6,2,39,0,1
106,37,14,3,1,0
29,2,1,59,1,1
56,25,14,6,7,0
12,3,5,37,1,1
78,13,13,6,1,0
14,3,4,32,1,1
111,27,10,6,6,0
78,38,14,6,5,0
47,25,7,7,7,0
80,14,11,6,4,0
30,12,2,59,1,1
6,10,2,45,1,1
10,4,1,37,1,1
25,5,2,35,1,1
122,38,16,8,5,0
60,16,14,6,5,0
22,5,3,58,0,1
116,30,11,5,5,0
47,10,14,2,4,0
37,33,7,5,1,0
23,11,3,58,1,1
6,5,3,37,1,1
90,38,8,9,6,0
51,18,12,5,2,0
32,22,9,6,5,0
89,34,5,4,3,0
14,7,2,17,1,1
90,15,9,5,7,0
15,4,2,24,1,1
117,29,13,1,1,0
102,35,8,3,6,0
109,15,10,8,2,0
43,17,13,6,4,0
124,36,16,7,7,0
69,11,6,1,1,0
61,40,8,5,7,0
120,11,13,1,2,0
98,11,8,9,5,0
111,11,12,3,4,0
2,3,2,13,0,1
98,26,5,6,4,0
51,15,12,10,5,0
28,7,4,50,0,1
109,24,8,4,3,0
58,20,12,7,6,0
97,21,8,4,3,0
27,7,3,35,0,1
74,27,11,2,3,0
2,7,3,25,0,1
23,9,2,12,1,1
55,39,14,9,5,0
80,25,5,6,4,0
54,28,12,6,3,0
4,1,4,34,0,1
84,40,5,2,6,0
10,12,3,33,1,1
78,39,7,7,7,0
1,7,3,39,0,1
58,14,9,6,2,0
22,9,3,23,0,1
107,27,5,2,1,0
58,26,9,5,1,0
91,39,10,5,4,0
9,12,4,19,1,1
82,16,6,3,4,0
24,4,1,39,0,1
51,39,14,7,1,0
37,33,12,7,4,0
25,11,1,36,0,1
94,25,9,1,1,0
79,30,6,6,6,0
108,18,9,8,7,0
11,4,5,48,1,1
66,26,10,7,7,0
122,41,6,4,4,0
122,30,3,2,7,0
104,23,4,4,5,0
83,37,9,7,5,0
53,35,15,10,5,0
59,28,7,5,1,0
5,7,3,35,1,1
123,14,5,6,5,0
14,2,2,39,1,1
43,25,6,6,5,0
29,12,3,54,1,1
28,6,4,46,0,1
59,31,16,5,6,0
68,17,7,4,7,0
14,5,3,23,1,1
58,36,9,3,4,0
47,11,6,5,8,0
15,9,4,42,1,1
105,16,3,8,7,0
120,35,6,3,2,0
56,24,13,1,6,0
60,17,11,7,6,0
118,35,8,6,7,0
102,30,8,9,2,0
5,4,2,40,0,1
28,9,4,63,1,1
41,33,7,1,4,0
72,16,9,2,5,0
115,40,13,5,3,0
89,37,4,5,5,0
104,27,10,7,2,0
112,20,15,6,7,0
84,22,7,3,1,0
20,1,1,22,1,1
29,34,11,5,2,0
81,18,6,5,5,0
4,3,3,33,1,1
124,29,6,8,8,0
94,20,9,5,4,0
49,19,4,4,3,0
93,40,12,3,1,0
20,5,1,38,1,1
12,7,2,38,0,1
94,34,7,5,4,0
86,29,10,3,8,0
97,9,7,3,5,0
7,2,2,11,1,1
17,4,3,53,0,1
78,12,12,3,3,0
59,23,12,1,1,0
56,24,11,5,5,0
24,9,1,27,1,1
29,2,1,26,1,1
84,36,8,4,1,0
46,19,6,3,2,0
109,15,14,6,2,0
22,7,4,56,0,1
38,26,14,7,5,0
78,22,14,3,5,0
89,17,9,8,6,0
57,37,4,4,6,0
22,6,3,44,1,1
107,19,4,1,2,0
97,17,6,4,7,0
5,1,4,26,0,1
28,4,5,52,0,1
23,1,2,43,0,1
3,1,3,44,1,1
48,29,15,7,7,0
18,3,3,61,0,1
22,10,4,34,1,1
16,8,3,47,0,1
86,26,9,4,1,0
68,8,9,3,4,0
20,9,1,16,0,1
100,19,7,6,5,0
22,3,4,63,1,1
1,8,3,13,1,1
20,9,1,61,0,1
97,13,10,5,3,0
114,34,10,6,2,0
76,13,11,4,1,0
87,36,14,4,3,0
101,14,12,7,4,0
104,12,5,6,7,0
103,30,5,9,5,0
83,9,6,1,6,0
104,39,7,6,5,0
88,12,10,3,4,0
110,35,7,9,1,0
46,12,9,1,5,0
110,16,14,9,6,0
80,28,16,1,6,0
89,39,12,6,1,0
85,33,6,2,6,0
95,16,5,7,5,0
69,39,11,9,3,0
24,4,5,26,0,1
43,16,15,5,4,0
18,5,3,29,0,1
49,34,4,9,6,0
24,4,1,58,0,1
25,9,2,47,0,1
123,34,10,4,8,0
48,13,7,4,1,0
117,18,7,2,3,0
34,5,5,36,0,1
106,27,12,7,1,0
6,5,5,56,0,1
88,21,8,8,5,0
41,33,11,5,8,0
105,41,15,7,3,0
84,28,15,2,8,0
10,2,1,58,1,1
20,8,2,37,1,1
24,4,2,20,0,1
14,3,3,18,0,1
97,38,10,5,1,0
94,26,9,4,2,0
7,8,3,14,0,1
34,29,12,6,5,0
54,17,14,2,3,0
69,22,8,5,2,0
48,31,9,3,7,0
45,30,16,7,2,0
67,20,13,7,6,0
114,24,12,8,3,0
1,4,1,41,0,1
79,26,15,3,1,0
33,17,9,6,6,0
100,29,4,9,3,0
32,2,3,41,0,1
86,39,16,4,5,0
99,30,9,6,6,0
82,32,12,7,3,0
68,33,8,8,1,0
10,6,3,22,1,1
2,8,1,43,0,1
69,12,5,9,3,0
23,4,1,30,0,1
30,15,12,7,5,0
56,17,8,5,6,0
42,12,13,8,2,0
52,39,14,6,5,0
68,28,12,1,3,0
40,14,11,6,3,0
71,22,6,5,2,0
29,9,1,39,1,1
3,10,3,35,1,1
40,24,5,4,8,0
46,28,6,3,2,0
17,10,3,50,1,1
95,23,5,6,4,0
23,5,1,55,0,1
68,27,5,6,8,0
117,37,14,6,7,0
44,37,13,10,1,0
113,28,11,5,4,0
19,7,3,58,1,1
17,1,2,16,1,1
14,4,3,12,0,1
19,6,4,44,0,1
76,36,10,7,7,0
44,31,3,1,8,0
87,36,11,10,7,0
88,24,8,5,3,0
63,34,12,2,7,0
16,7,4,20,1,1
29,7,3,43,0,1
118,38,14,4,5,0
18,8,4,47,1,1
122,39,12,8,5,0
102,12,13,3,1,0
64,18,5,4,5,0
105,32,6,6,8,0
94,39,3,5,2,0
20,6,1,55,1,1
8,1,3,60,0,1
95,34,12,3,7,0
86,10,9,6,8,0
102,30,9,8,7,0
44,17,15,8,7,0
23,4,1,29,0,1
95,13,14,4,6,0
113,10,5,4,4,0
103,13,10,7,3,0
44,30,11,3,7,0
5,1,4,34,1,1
89,40,6,5,7,0
87,16,12,5,2,0
98,34,7,6,8,0
24,9,2,22,1,1
22,10,3,36,1,1
118,36,11,1,6,0
108,13,9,5,6,0
34,41,9,7,4,0
105,23,14,5,3,0
81,14,12,5,5,0
33,19,16,4,7,0
112,35,13,2,4,0
37,24,12,1,4,0
73,34,4,3,3,0
109,17,6,9,4,0
115,26,13,2,6,0
42,18,7,7,7,0
101,9,6,1,7,0
53,40,6,6,5,0
109,17,13,3,7,0
93,30,4,9,5,0
48,28,4,7,6,0
19,3,4,15,0,1
49,30,4,2,6,0
91,10,4,5,1,0
48,14,7,8,8,0
116,37,8,2,2,0
31,6,4,23,0,1
6,3,4,21,1,1
68,14,9,2,1,0
87,24,11,2,6,0
18,11,3,48,0,1
3,11,5,39,1,1
89,26,7,4,3,0
93,34,12,1,7,0
61,11,11,8,1,0
109,13,5,7,5,0
85,24,7,9,7,0
5,1,4,56,1,1
28,10,3,59,0,1
116,22,5,1,7,0
55,29,11,7,2,0
42,30,11,7,4,0
84,19,4,4,6,0
47,27,15,4,5,0
87,10,4,4,3,0
122,12,11,4,4,0
21,1,4,32,1,1
60,38,12,7,6,0
117,32,13,7,8,0
11,3,2,24,1,1
91,40,5,5,3,0
19,3,3,25,0,1
82,15,7,5,1,0
94,16,12,3,2,0
17,3,1,58,1,1
26,8,3,48,1,1
7,11,1,31,0,1
75,13,12,7,4,0
43,28,10,8,2,0
108,25,5,8,6,0
76,11,9,2,6,0
85,32,11,9,8,0
14,4,2,20,0,1
106,34,10,1,1,0
121,28,7,4,3,0
71,37,12,2,8,0
2,5,3,50,1,1
117,31,6,4,2,0
16,8,5,29,1,1
63,16,14,1,3,0
31,18,9,7,6,0
35,28,6,10,3,0
69,36,13,10,5,0
48,11,6,6,5,0
5,4,3,22,0,1
20,7,1,35,1,1
73,34,9,2,8,0
1,2,1,18,0,1
36,21,15,9,2,0
45,9,14,4,1,0
119,9,6,7,2,0
78,10,5,2,5,0
22,12,1,45,0,1
50,39,9,4,1,0
102,15,11,8,2,0
55,24,4,10,6,0
72,32,8,4,1,0
86,31,15,4,8,0
12,2,2,42,1,1
15,9,2,20,0,1
25,2,2,35,0,1
89,34,11,5,5,0
10,6,3,21,1,1
105,38,6,1,2,0
18,12,2,18,1,1
23,9,4,25,1,1
68,36,11,7,1,0
75,26,12,2,1,0
8,9,3,21,1,1
26,7,4,41,0,1
78,27,13,6,5,0
81,21,15,4,1,0
73,22,10,2,4,0
115,10,9,2,6,0
113,35,11,7,7,0
74,20,13,3,6,0
5,8,4,43,1,1
7,8,1,45,0,1
18,4,1,54,0,1
93,25,11,3,6,0
98,22,8,6,7,0
23,4,1,52,0,1
115,25,14,7,7,0
49,18,6,5,5,0
81,20,7,8,3,0
51,17,5,4,5,0
29,16,6,6,3,0
30,38,15,7,1,0
39,37,9,2,2,0
96,37,4,8,5,0
68,21,12,6,7,0
61,16,11,7,5,0
49,19,12,4,8,0
82,34,9,1,1,0
84,17,15,6,6,0
10,1,4,26,1,1
2,8,2,61,1,1
78,38,10,7,7,0
77,21,12,6,6,0
117,14,4,7,4,0
54,18,12,8,3,0
46,17,5,8,6,0
75,36,11,10,4,0
36,25,8,5,3,0
44,14,9,4,2,0
15,2,2,57,0,1
84,36,7,5,4,0
52,11,7,4,4,0
109,24,6,3,8,0
20,5,5,56,1,1
55,25,10,8,1,0
84,30,9,2,1,0
73,40,11,2,2,0
70,12,6,5,5,0
63,27,8,7,3,0
18,7,1,21,0,1
52,30,11,5,2,0
16,6,4,40,0,1
70,17,5,9,5,0
1,10,3,35,0,1
6,3,1,35,1,1
90,36,16,5,8,0
39,29,12,3,6,0
14,8,1,56,0,1
50,16,10,3,1,0
114,14,6,6,8,0
117,14,9,7,4,0
106,25,4,9,7,0
46,10,13,3,8,0
19,7,1,29,1,1
49,32,8,10,4,0
42,40,4,4,2,0
106,34,9,2,5,0
115,22,5,9,3,0
15,6,4,58,1,1
41,35,12,2,2,0
32,17,15,6,8,0
107,19,14,6,7,0
39,35,4,6,4,0
81,36,14,7,4,0
34,14,5,4,8,0
50,19,12,6,7,0
80,24,11,8,5,0
106,37,15,6,8,0
72,25,5,6,7,0
12,7,4,12,0,1
98,18,12,7,6,0
11,9,2,61,1,1
1,10,2,20,0,1
12,5,2,24,0,1
8,7,2,14,1,1
53,27,8,3,6,0
31,10,1,54,0,1
18,1,1,43,0,1
63,31,12,8,8,0
42,12,7,5,7,0
51,11,7,6,7,0
61,16,11,5,7,0
12,3,1,57,0,1
12,6,2,34,0,1
29,11,3,37,1,1
4,4,3,57,1,1
20,8,2,59,1,1
82,35,15,6,3,0
95,17,13,6,3,0
63,33,10,8,2,0
35,36,15,1,8,0
60,35,15,8,4,0
27,9,1,17,1,1
44,30,9,9,7,0
22,6,4,17,1,1
85,38,8,7,8,0
17,4,1,45,0,1
2,6,4,39,0,1
77,15,4,2,5,0
74,18,9,6,1,0
71,36,7,5,3,0
39,24,11,7,5,0
109,15,5,6,8,0
107,32,13,7,7,0
120,36,10,5,5,0
125,21,11,6,2,0
21,12,1,45,0,1
17,5,1,26,0,1
23,4,4,49,0,1
32,35,11,2,7,0
63,14,6,3,2,0
70,16,3,7,1,0
66,17,9,10,2,0
92,24,12,6,2,0
33,25,5,7,4,0
11,7,3,32,1,1
51,22,13,4,4,0
84,38,13,4,3,0
121,24,9,6,4,0
99,26,4,6,2,0
35,7,3,50,1,1
24,7,3,28,1,1
113,12,15,1,8,0
122,30,12,6,7,0
116,26,14,3,6,0
117,11,4,4,6,0
30,5,4,22,0,1
95,42,8,1,5,0
115,24,5,7,5,0
110,35,12,5,3,0
100,35,8,8,5,0
122,25,11,3,7,0
17,5,2,52,1,1
9,1,3,36,1,1
104,33,3,6,4,0
64,13,14,5,2,0
108,37,9,7,5,0
24,3,4,45,0,1
17,9,1,14,0,1
1,6,2,28,1,1
71,38,9,7,2,0
22,3,5,33,1,1
120,34,3,3,6,0
43,30,7,6,3,0
104,22,5,3,3,0
94,42,15,7,6,0
64,31,10,3,6,0
95,36,11,7,1,0
60,36,6,5,4,0
76,37,13,6,6,0
83,37,5,4,4,0
58,16,11,6,6,0
1,8,1,14,1,1
49,28,12,7,6,0
58,40,7,6,3,0
57,35,8,1,1,0
56,18,12,5,6,0
28,1,2,21,0,1
7,12,5,50,0,1
16,3,2,28,0,1
32,10,1,56,0,1
115,35,11,4,8,0
22,9,5,43,1,1
57,16,7,6,4,0
17,1,3,28,0,1
60,29,4,6,6,0
90,21,7,5,1,0
74,37,4,2,2,0
39,27,7,4,4,0
29,5,1,56,0,1
76,37,9,6,1,0
58,25,6,6,8,0
18,5,2,38,1,1
51,19,15,1,8,0
117,36,9,10,5,0
7,2,3,45,1,1
59,25,4,3,8,0
95,14,3,6,8,0
19,7,1,26,1,1
97,9,5,3,7,0
88,32,5,6,4,0
27,7,3,50,1,1
34,13,12,2,7,0
26,8,5,41,0,1
69,21,12,10,3,0
17,5,1,54,0,1
108,28,8,9,2,0
78,13,4,6,6,0
36,24,5,3,8,0
11,1,2,28,0,1
40,11,12,7,4,0
3,3,2,23,1,1
112,35,4,6,5,0
36,36,15,8,4,0
116,36,6,3,5,0
76,33,6,1,6,0
29,18,8,6,2,0
6,6,2,30,1,1
10,7,1,24,0,1
115,19,3,5,4,0
76,13,5,1,7,0
31,10,3,28,0,1
31,4,2,22,1,1
107,26,11,4,4,0
109,33,6,2,4,0
78,24,9,1,3,0
103,40,11,5,6,0
81,30,8,7,1,0
40,40,15,3,4,0
106,9,4,7,8,0
4,4,1,49,0,1
8,5,1,26,1,1
89,38,14,4,5,0
87,25,9,7,7,0
43,33,8,7,3,0
84,19,9,7,8,0
56,11,4,9,6,0
14,5,3,31,0,1
10,5,5,27,1,1
20,8,3,58,0,1
115,12,15,6,3,0
102,26,13,9,3,0
106,37,5,6,4,0
19,7,3,50,1,1
14,3,2,57,0,1
5,3,2,60,1,1
5,4,2,24,0,1
11,9,1,22,0,1
34,6,3,51,0,1
49,17,5,5,1,0
10,3,1,26,0,1
32,23,13,8,5,0
77,32,9,6,4,0
70,38,10,9,2,0
33,3,2,48,0,1
112,32,15,7,8,0
106,40,10,3,6,0
92,23,15,4,2,0
14,12,3,58,0,1
90,36,4,5,8,0
5,5,3,19,0,1
69,38,11,9,5,0
19,2,1,47,1,1
26,4,3,34,1,1
44,21,4,1,2,0
45,35,10,7,1,0
84,22,10,10,6,0
43,21,4,5,8,0
93,12,14,4,3,0
123,12,8,8,8,0
12,1,2,21,0,1
11,4,2,47,1,1
25,6,5,17,1,1
45,21,14,7,1,0
84,31,12,3,3,0
3,7,2,53,0,1
1,8,5,22,0,1
44,28,14,6,4,0
123,27,6,8,7,0
109,22,8,3,2,0
94,15,5,5,8,0
108,32,9,6,3,0
115,12,11,8,8,0
24,4,3,52,0,1
84,37,8,1,1,0
65,37,4,4,2,0
117,10,8,6,1,0
107,27,16,3,6,0
20,1,1,12,0,1
61,29,8,6,3,0
74,30,7,6,8,0
11,8,3,15,1,1
113,35,12,7,3,0
110,15,6,6,2,0
71,29,4,4,6,0
75,19,11,2,2,0
95,13,13,2,5,0
12,8,5,24,1,1
19,10,3,26,0,1
4,9,3,15,1,1
74,36,12,5,5,0
37,38,7,4,6,0
10,11,1,17,1,1
26,1,5,41,0,1
23,3,5,57,1,1
84,38,6,6,4,0
36,21,11,4,3,0
28,2,2,28,1,1
22,9,2,28,0,1
104,22,9,3,6,0
27,15,11,4,4,0
90,11,6,8,5,0
80,39,7,7,5,0
73,31,9,2,6,0
77,22,15,4,1,0
92,28,12,9,3,0
43,37,3,2,3,0
74,24,13,7,1,0
82,17,12,3,3,0
12,9,1,40,0,1
21,1,2,17,0,1
16,2,3,16,0,1
4,6,3,36,1,1
62,21,7,3,7,0
35,32,15,6,4,0
52,16,10,2,6,0
30,5,4,34,1,1
61,15,14,7,2,0
103,41,13,6,4,0
19,8,4,56,1,1
57,23,12,8,5,0
46,41,11,1,8,0
69,30,7,3,1,0
17,9,2,22,1,1
68,15,7,1,3,0
26,8,4,43,1,1
50,15,5,5,4,0
15,2,2,63,0,1
113,19,15,8,6,0
42,21,13,3,6,0
11,3,4,14,0,1
90,18,8,5,4,0
87,20,6,4,2,0
12,4,3,57,0,1
48,35,9,8,4,0
107,24,4,8,3,0
41,35,3,8,1,0
106,31,5,8,1,0
1,4,2,42,1,1
32,25,14,6,2,0
93,36,9,4,1,0
80,28,8,2,7,0
13,2,2,33,0,1
7,1,3,21,1,1
5,6,4,33,0,1
27,1,1,21,0,1
26,7,1,18,1,1
8,8,4,32,1,1
112,21,7,9,4,0
94,25,13,9,4,0
116,35,14,2,2,0
1,6,4,18,0,1
46,35,11,4,4,0
120,32,5,3,1,0
4,7,1,11,0,1
104,35,11,5,3,0
13,6,4,55,1,1
115,10,12,9,3,0
21,9,2,47,1,1
19,9,1,57,0,1
103,29,6,9,8,0
5,1,2,50,1,1
106,33,10,1,4,0
111,8,7,3,4,0
97,26,4,4,8,0
2,7,4,36,0,1
27,1,2,39,0,1
14,11,1,27,0,1
12,6,3,62,0,1
26,6,4,63,0,1
19,3,3,25,0,1
96,11,4,1,5,0
50,41,8,3,2,0
51,33,12,3,8,0
21,9,2,33,1,1
91,38,14,5,6,0
115,13,12,6,1,0
7,6,2,48,1,1
9,6,3,50,1,1
10,7,2,38,1,1
121,31,12,1,5,0
10,5,2,47,0,1
22,5,1,24,0,1
36,14,6,5,7,0
14,5,3,22,0,1
77,39,11,6,8,0
121,30,9,6,1,0
15,9,2,30,1,1
73,11,14,4,5,0
109,29,6,4,4,0
19,9,1,33,0,1
4,6,3,44,0,1
95,22,12,9,6,0
101,29,7,7,7,0
115,27,6,3,2,0
112,41,11,2,8,0
4,3,4,44,1,1
84,23,13,9,7,0
119,17,7,9,7,0
33,13,10,9,6,0
75,18,13,6,7,0
15,2,3,30,0,1
113,27,10,7,5,0
28,25,5,9,3,0
6,10,3,11,0,1
10,5,3,43,0,1
44,31,5,5,2,0
68,18,5,3,2,0
30,24,5,5,2,0
82,34,7,5,5,0
38,15,10,2,8,0
65,37,6,5,1,0
8,5,1,22,0,1
2,5,4,43,0,1
14,8,3,42,1,1
27,4,5,18,1,1
87,25,12,9,5,0
57,27,8,6,2,0
83,17,12,7,6,0
13,3,3,25,0,1
5,1,3,57,0,1
34,3,2,34,1,1
69,33,14,9,2,0
72,14,7,3,8,0
85,17,12,4,7,0
104,8,12,6,3,0
113,10,5,5,2,0
15,2,4,43,0,1
116,38,4,7,6,0
29,13,4,3,7,0
26,4,1,53,0,1
3,4,2,57,1,1
51,21,7,6,7,0
59,28,12,8,8,0
63,36,7,6,2,0
9,7,1,25,0,1
42,21,8,7,6,0
7,5,3,33,1,1
13,2,4,36,0,1
45,32,5,1,1,0
100,22,9,5,2,0
75,27,10,6,6,0
112,21,15,4,4,0
93,27,12,5,7,0
7,1,2,11,1,1
110,30,14,5,7,0
55,35,8,2,5,0
93,38,14,6,8,0
2,4,3,40,0,1
67,38,5,5,1,0
65,25,4,4,1,0
48,35,5,2,5,0
5,8,3,34,1,1
31,12,5,16,1,1
82,38,6,6,3,0
117,24,10,1,2,0
29,9,4,45,0,1
69,17,7,3,6,0
79,18,5,1,8,0
66,30,12,5,3,0
6,6,1,25,1,1
80,21,13,8,1,0
24,8,2,18,1,1
9,5,1,42,1,1
2,7,3,49,1,1
9,3,3,19,1,1
103,40,13,4,3,0
120,20,12,8,6,0
83,22,3,8,1,0
22,5,2,20,1,1
11,9,5,12,0,1
42,34,7,8,8,0
28,2,1,43,0,1
17,4,4,50,1,1
28,13,12,3,2,0
93,25,10,1,2,0
33,11,2,51,1,1
29,17,7,10,4,0
95,20,8,7,2,0
120,34,4,5,7,0
97,24,4,4,5,0
12,1,3,57,1,1
97,14,8,6,7,0
101,20,11,5,3,0
26,10,5,43,0,1
123,22,13,4,6,0
52,18,5,6,2,0
28,2,1,24,1,1
34,39,16,1,8,0
17,4,5,34,0,1
90,23,14,6,4,0
6,1,1,49,0,1
82,27,13,10,2,0
56,30,12,5,6,0
13,9,4,13,0,1
54,10,13,6,6,0
78,14,5,6,2,0
21,3,5,51,0,1
9,1,1,30,1,1
98,37,14,6,1,0
28,3,2,17,1,1
41,19,16,1,2,0
10,6,2,60,0,1
81,32,13,8,1,0
27,2,3,56,1,1
108,39,8,3,4,0
100,9,6,3,1,0
86,17,9,1,6,0
11,8,3,41,0,1
7,8,4,25,1,1
4,9,3,33,0,1
39,18,5,6,4,0
53,12,6,5,8,0
33,16,7,6,7,0
16,6,1,34,1,1
109,25,12,1,5,0
21,6,4,61,0,1
80,37,15,7,1,0
16,9,4,46,1,1
29,20,14,4,2,0
39,29,9,6,5,0
66,29,14,2,5,0
90,9,10,3,4,0
105,27,9,2,8,0
4,2,3,18,0,1
89,39,12,5,6,0
66,16,5,6,6,0
37,25,11,4,2,0
116,22,4,7,7,0
78,20,11,5,6,0
31,21,5,6,1,0
93,36,14,5,6,0
10,9,2,17,0,1
24,4,2,50,1,1
54,35,13,3,4,0
44,30,7,7,7,0
78,31,10,8,4,0
11,11,3,59,1,1
67,21,10,1,2,0
105,37,6,4,8,0
97,30,11,5,2,0
1,4,5,40,1,1
71,15,10,6,6,0
8,3,4,40,1,1
95,34,5,6,3,0
21,10,3,53,1,1
107,18,4,5,5,0
96,28,12,8,7,0
10,3,2,36,1,1
53,12,7,4,8,0
7,8,1,27,1,1
29,5,1,47,0,1
35,23,6,5,7,0
46,33,15,8,2,0
47,16,16,6,2,0
17,5,4,26,1,1
10,3,5,15,1,1
20,1,2,20,1,1
51,31,12,3,3,0
35,23,12,6,4,0
112,30,8,6,6,0
30,5,4,53,1,1
68,14,7,1,5,0
5,4,5,30,0,1
12,8,4,56,0,1
81,11,12,9,6,0
17,6,3,12,1,1
87,15,14,5,4,0
108,25,5,7,1,0
29,8,1,54,0,1
49,35,12,5,4,0
95,35,6,4,1,0
87,10,7,3,5,0
42,36,9,5,7,0
115,36,16,4,1,0
105,36,11,1,5,0
89,16,5,2,8,0
85,29,7,6,5,0
95,32,11,2,2,0
64,24,9,4,2,0
8,1,1,23,1,1
85,27,15,9,4,0
77,38,6,1,6,0
59,35,12,7,8,0
116,26,13,4,2,0
28,14,12,5,2,0
81,27,6,8,8,0
48,23,9,7,5,0
55,14,9,8,4,0
86,18,10,8,3,0
78,15,7,4,2,0
37,29,11,6,2,0
79,28,11,3,6,0
88,29,15,6,6,0
110,15,5,5,3,0
43,16,13,8,7,0
103,30,10,1,3,0
16,3,1,19,1,1
85,25,13,4,6,0
78,34,11,7,8,0
104,37,8,4,5,0
67,31,4,4,7,0
27,10,4,56,1,1
54,39,16,1,4,0
72,18,6,4,5,0
64,30,12,3,1,0
30,1,4,51,1,1
1,5,1,51,0,1
5,1,5,51,0,1
5,12,2,32,1,1
111,21,11,7,1,0
8,2,5,15,1,1
114,33,3,4,5,0
115,10,12,3,2,0
100,29,5,8,3,0
58,19,13,8,4,0
8,4,1,47,1,1
6,3,3,55,1,1
79,33,13,8,8,0
98,28,6,7,7,0
17,8,3,16,0,1
46,25,14,9,3,0
102,20,15,6,1,0
2,1,3,41,1,1
91,29,6,10,1,0
84,33,11,5,4,0
82,20,4,5,2,0
37,17,11,5,5,0
3,6,1,17,1,1
29,31,5,2,3,0
53,25,5,5,4,0
72,14,12,7,7,0
24,3,1,35,0,1
28,8,5,47,0,1
107,17,6,6,6,0
77,40,4,5,4,0
86,11,9,5,3,0
88,12,9,7,3,0
21,3,2,53,0,1
98,27,11,8,8,0
40,20,11,4,2,0
25,8,3,16,0,1
71,42,16,7,5,0
91,19,3,4,8,0
5,9,3,53,1,1
88,8,12,2,5,0
31,25,16,3,4,0
48,31,12,7,5,0
97,28,10,1,2,0
111,35,5,6,2,0
63,31,13,9,2,0
63,29,13,7,4,0
84,20,16,5,3,0
54,30,7,5,1,0
6,4,3,47,1,1
13,3,4,59,1,1
79,25,12,3,6,0
98,17,12,8,3,0
106,40,4,6,8,0
20,7,2,28,1,1
52,27,9,8,7,0
5,8,1,34,0,1
23,6,2,20,1,1
111,16,10,8,6,0
100,23,7,9,7,0
54,21,9,1,6,0
118,21,11,4,4,0
104,26,6,5,7,0
105,27,15,3,6,0
52,36,6,4,6,0
69,11,5,5,8,0
64,35,5,4,2,0
41,11,15,1,7,0
12,10,2,54,0,1
80,37,16,10,1,0
85,25,4,1,3,0
112,20,5,3,8,0
38,24,15,6,4,0
91,30,7,5,5,0
32,17,10,5,6,0
66,24,14,7,5,0
77,20,14,2,1,0
65,23,14,6,7,0
106,38,13,3,6,0
22,1,4,34,0,1
63,13,8,7,2,0
109,39,5,6,4,0
41,42,10,8,2,0
25,1,5,46,0,1
19,2,3,55,1,1
38,35,7,5,2,0
57,30,12,5,8,0
1,5,3,16,1,1
61,30,10,5,1,0
9,12,4,12,1,1
77,26,11,8,5,0
70,32,11,5,5,0
67,37,11,6,8,0
3,6,2,50,0,1
74,20,13,4,2,0
46,19,7,2,7,0
95,24,14,7,7,0
28,5,4,20,1,1
79,29,9,9,7,0
45,24,8,2,4,0
82,37,11,5,4,0
7,4,2,19,1,1
9,6,1,28,1,1
74,22,8,3,8,0
32,1,3,46,0,1
94,33,13,4,5,0
15,7,2,22,1,1
113,30,9,5,1,0
95,35,3,10,1,0
37,41,12,10,6,0
41,31,6,5,2,0
25,3,4,51,0,1
54,32,9,3,3,0
122,33,9,4,7,0
1,1,1,33,1,1
16,9,5,54,0,1
43,18,9,1,2,0
17,5,1,31,1,1
59,16,7,6,6,0
15,1,4,59,0,1
52,33,11,8,2,0
9,3,3,18,1,1
55,14,11,5,8,0
78,35,10,3,2,0
118,20,7,5,2,0
7,8,1,19,0,1
42,34,10,8,1,0
80,38,5,4,3,0
42,35,6,2,8,0
10,8,3,10,0,1
10,9,1,44,1,1
70,36,7,3,7,0
28,10,4,19,0,1
116,28,10,8,2,0
56,24,7,6,3,0
10,9,2,26,0,1
86,31,13,6,5,0
18,1,3,50,0,1
64,16,10,4,1,0
107,22,12,4,8,0
62,30,12,5,6,0
12,2,3,57,1,1
2,4,3,40,0,1
77,18,11,7,2,0
120,19,3,5,6,0
21,1,3,44,0,1
48,32,15,9,4,0
13,2,4,30,1,1
66,12,6,2,5,0
80,15,5,6,3,0
53,16,9,1,4,0
25,3,2,37,0,1
94,20,12,1,8,0
107,22,6,2,6,0
88,22,14,1,8,0
105,41,14,9,6,0
110,15,8,9,5,0
12,5,2,12,0,1
88,33,9,3,8,0
119,20,5,4,2,0
61,19,13,8,7,0
25,7,1,38,1,1
111,38,10,3,5,0
9,7,2,33,0,1
112,18,5,4,6,0
8,4,3,32,1,1
91,30,7,9,7,0
83,38,8,6,3,0
72,41,11,8,5,0
38,15,6,2,7,0
84,16,9,2,5,0
21,1,1,47,0,1
123,16,6,1,8,0
33,39,14,7,8,0
58,39,12,6,7,0
11,5,5,34,1,1
121,16,8,6,4,0
23,11,3,45,1,1
26,7,2,42,1,1
108,24,6,1,1,0
13,3,2,54,1,1
26,1,5,39,0,1
123,33,8,3,4,0
23,12,2,9,0,1
95,25,14,2,4,0
89,34,6,5,2,0
10,8,2,31,0,1
29,6,3,15,0,1
108,32,5,2,8,0
1,8,1,56,1,1
67,21,7,4,6,0
102,16,10,1,3,0
28,1,3,37,0,1
15,7,1,31,0,1
112,16,13,5,8,0
23,8,1,33,0,1
86,13,8,4,8,0
116,19,12,6,7,0
56,20,13,6,7,0
42,21,12,3,7,0
40,16,6,2,3,0
36,42,7,6,4,0
16,1,3,53,0,1
26,5,2,58,0,1
73,15,16,2,5,0
11,3,4,35,0,1
61,38,10,5,5,0
84,22,9,6,4,0
77,10,14,6,8,0
89,12,7,7,6,0
62,20,12,2,2,0
95,17,5,4,1,0
77,16,6,8,2,0
53,26,12,7,1,0
2,9,1,21,1,1
111,13,9,4,3,0
49,21,13,6,8,0
61,25,7,1,6,0
98,10,12,6,3,0
27,2,1,37,0,1
53,35,15,3,2,0
113,23,12,7,4,0
114,24,10,2,8,0
52,38,10,4,3,0
89,22,16,6,4,0
83,24,10,5,8,0
113,21,7,6,4,0
117,36,13,4,8,0
47,27,5,4,8,0
76,28,5,8,7,0
55,24,12,8,3,0
53,13,10,4,8,0
113,24,14,5,1,0
34,19,4,4,6,0
15,10,4,47,1,1
39,36,11,5,3,0
13,1,5,54,1,1
6,2,1,33,1,1
78,37,11,8,3,0
70,14,9,3,3,0
5,6,3,27,0,1
103,25,6,6,5,0
7,7,4,21,0,1
90,18,4,6,8,0
108,11,14,7,1,0
34,32,15,5,7,0
76,13,9,7,5,0
90,37,13,1,6,0
1,3,2,21,1,1
29,4,1,56,0,1
92,28,8,7,2,0
35,16,6,6,2,0
42,21,10,8,4,0
55,24,9,5,1,0
51,16,5,5,4,0
30,5,3,36,1,1
65,34,10,7,4,0
50,10,5,3,8,0
87,12,15,9,2,0
6,10,4,58,1,1
66,36,10,2,4,0
17,9,4,30,1,1
79,24,5,7,3,0
35,22,13,1,3,0
85,15,8,3,4,0
104,19,7,4,8,0
3,8,2,34,0,1
49,18,11,5,4,0
77,28,9,6,7,0
73,35,9,6,3,0
75,23,8,4,6,0
16,6,4,57,0,1
13,11,1,26,1,1
38,24,6,7,6,0
63,11,11,3,4,0
62,31,5,3,6,0
17,7,4,51,0,1
35,34,7,4,5,0
61,15,7,2,1,0
52,25,14,3,3,0
15,4,3,55,1,1
35,14,4,7,6,0
83,27,4,6,7,0
37,28,9,3,1,0
36,12,6,2,3,0
85,18,6,6,7,0
78,33,5,4,2,0
34,7,1,24,0,1
117,16,10,1,1,0
66,24,14,8,7,0
117,25,11,1,1,0
96,10,10,6,2,0
48,29,4,9,5,0
53,34,13,5,6,0
64,23,3,3,7,0
48,32,8,3,5,0
34,32,13,3,5,0
54,37,9,4,8,0
56,38,10,7,5,0
25,37,3,6,1,0
102,39,7,1,1,0
30,4,1,26,1,1
7,1,3,39,0,1
40,31,8,7,5,0
123,15,6,1,7,0
94,21,6,2,1,0
6,4,2,54,1,1
20,1,4,46,1,1
77,24,12,8,3,0
68,35,14,4,7,0
79,36,8,3,8,0
4,11,3,21,1,1
11,1,4,42,0,1
16,4,1,57,1,1
99,12,14,1,5,0
27,8,4,20,1,1
10,3,4,59,1,1
121,36,7,6,1,0
23,4,3,57,1,1
4,1,1,10,1,1
92,41,4,7,6,0
83,23,7,6,7,0
116,23,4,6,6,0
19,10,1,39,1,1
95,32,4,4,5,0
22,4,4,33,1,1
98,36,15,6,8,0
49,29,13,10,1,0
64,34,12,7,1,0
91,19,6,1,5,0
26,1,2,40,1,1
8,7,2,24,1,1
24,4,2,19,0,1
79,35,16,7,1,0
86,9,7,5,7,0
20,4,3,35,0,1
56,31,7,3,6,0
21,2,3,18,0,1
122,20,3,6,1,0
20,8,1,29,0,1
87,26,12,5,2,0
1,4,3,41,0,1
59,30,10,6,6,0
8,6,4,13,0,1
63,32,5,7,7,0
94,32,6,3,1,0
27,3,1,34,1,1
101,30,9,6,8,0
19,11,2,43,1,1
109,12,9,9,5,0
71,39,6,6,4,0
87,17,9,5,7,0
27,7,2,53,1,1
25,8,1,20,1,1
28,5,2,53,1,1
24,6,3,18,1,1
26,9,4,12,0,1
17,10,2,44,1,1
93,29,4,4,7,0
75,32,5,4,2,0
40,37,16,9,7,0
43,21,12,6,5,0
105,27,7,8,6,0
55,13,11,5,1,0
11,7,1,18,0,1
47,38,8,4,2,0
104,35,9,6,4,0
11,5,4,49,1,1
19,9,4,32,0,1
25,5,2,21,0,1
69,20,10,6,4,0
4,8,2,54,0,1
79,8,11,5,8,0
61,20,9,7,3,0
50,36,3,4,6,0
122,27,4,3,2,0
84,17,7,1,7,0
40,31,4,7,3,0
5,1,2,48,0,1
86,29,8,6,3,0
15,5,2,44,0,1
34,27,6,10,3,0
14,3,5,24,0,1
6,9,2,12,1,1
85,40,13,6,6,0
15,5,1,41,1,1
78,37,8,2,7,0
97,15,4,5,7,0
22,1,2,37,0,1
79,25,14,6,6,0
4,3,1,30,1,1
29,9,2,50,1,1
90,14,8,2,4,0
9,8,4,16,0,1
87,24,9,8,8,0
97,30,4,7,8,0
20,10,2,20,1,1
56,11,12,3,5,0
48,15,10,8,4,0
55,11,4,2,1,0
47,40,14,7,2,0
18,8,4,46,1,1
26,8,3,50,0,1
90,21,11,7,7,0
46,28,6,6,4,0
19,8,4,58,1,1
50,27,11,8,2,0
6,5,4,11,1,1
93,40,9,6,4,0
55,21,5,4,6,0
27,13,11,3,8,0
39,14,9,10,6,0
46,40,7,2,2,0
50,35,7,5,8,0
93,13,14,4,3,0
118,24,5,5,4,0
23,9,4,32,1,1
31,4,4,23,0,1
39,27,4,1,2,0
74,33,9,4,4,0
25,7,3,55,0,1
75,11,4,3,5,0
15,6,5,18,1,1
53,40,7,3,2,0
6,10,3,26,0,1
68,33,13,6,6,0
51,21,15,9,5,0
110,18,11,8,1,0
89,13,9,2,1,0
83,41,10,7,4,0
118,39,4,9,4,0
95,18,3,4,8,0
34,37,9,6,7,0
26,3,4,46,0,1
9,10,2,22,0,1
88,10,6,3,5,0
80,16,15,5,6,0
17,1,1,20,0,1
8,6,3,20,1,1
41,20,6,4,3,0
21,1,2,23,0,1
111,19,5,5,7,0
52,30,15,6,2,0
114,20,6,4,1,0
116,37,9,8,6,0
46,28,12,7,2,0
105,33,8,2,1,0
79,19,5,7,2,0
29,5,3,28,1,1
64,33,8,4,1,0
25,3,1,34,0,1
5,8,2,48,0,1
22,9,1,57,1,1
2,3,3,14,1,1
107,10,5,7,1,0
46,28,11,7,4,0
104,31,6,6,1,0
122,28,7,7,1,0
21,5,3,48,0,1
9,11,3,35,0,1
60,31,5,5,7,0
11,12,1,60,1,1
113,16,7,5,1,0
19,9,1,23,1,1
26,2,3,16,1,1
28,4,4,31,1,1
56,37,13,2,4,0
66,24,3,2,1,0
26,2,3,44,1,1
67,17,9,10,1,0
67,31,7,5,4,0
63,25,6,1,4,0
19,11,2,16,1,1
109,24,9,5,7,0
71,19,8,6,3,0
36,20,14,9,7,0
42,33,9,6,7,0
111,37,13,8,6,0
61,21,3,10,6,0
55,25,11,1,2,0
31,18,11,4,2,0
56,14,10,3,1,0
61,30,12,7,4,0
57,36,14,6,4,0
116,33,15,7,1,0
89,29,8,6,5,0
31,10,1,12,0,1
48,16,14,1,3,0
32,29,12,2,3,0
64,35,14,6,3,0
73,9,11,2,7,0
82,15,11,5,3,0
22,12,4,41,0,1
86,23,6,8,8,0
35,17,9,6,7,0
121,15,4,5,2,0
31,2,1,43,0,1
18,12,2,24,0,1
67,28,6,7,3,0
62,33,13,3,3,0
24,2,3,38,0,1
26,32,4,7,1,0
29,8,1,18,0,1
34,35,14,8,1,0
26,8,2,61,1,1
24,8,3,28,1,1
13,7,2,32,1,1
33,30,4,2,5,0
97,20,11,2,7,0
69,24,7,4,6,0
30,8,5,58,0,1
60,17,9,8,8,0
24,9,1,17,0,1
9,9,2,45,0,1
91,24,8,4,4,0
62,16,15,2,3,0
15,8,2,38,1,1
5,6,3,25,0,1
25,7,3,51,1,1
8,3,4,63,0,1
13,5,1,54,0,1
25,5,1,62,0,1
20,5,4,30,0,1
11,1,2,53,0,1
71,17,13,3,6,0
30,3,2,15,1,1
112,15,7,5,2,0
107,18,6,4,7,0
20,7,5,19,1,1
6,1,2,13,0,1
44,37,13,7,1,0
94,16,16,3,2,0
104,35,10,1,1,0
27,8,3,19,1,1
31,27,7,7,7,0
23,10,2,15,0,1
38,20,5,8,5,0
1,7,1,61,1,1
32,27,14,1,2,0
30,3,1,32,1,1
113,23,4,4,4,0
14,3,3,44,0,1
96,22,13,7,3,0
38,14,6,4,1,0
92,35,13,5,3,0
113,33,5,1,2,0
35,26,10,5,2,0
25,10,4,50,0,1
115,23,14,8,7,0
22,10,1,46,1,1
101,15,7,4,2,0
51,39,6,2,2,0
18,8,1,38,0,1
85,33,10,4,8,0
30,3,3,30,1,1
20,1,2,13,1,1
74,12,12,10,3,0
19,6,1,62,1,1
53,9,11,7,7,0
72,40,6,3,4,0
64,36,12,3,1,0
116,35,11,3,7,0
31,6,3,15,0,1
31,1,2,15,1,1
105,30,5,7,6,0
23,3,3,52,1,1
67,20,4,6,8,0
88,37,7,6,7,0
106,36,5,5,8,0
15,11,2,62,1,1
50,15,7,5,4,0
9,6,2,37,0,1
46,32,4,1,3,0
11,11,4,19,1,1
53,16,12,1,5,0
8,10,4,12,0,1
3,8,2,29,0,1
16,10,1,19,1,1
46,29,5,7,3,0
20,5,3,57,1,1
32,4,2,16,0,1
105,36,12,8,1,0
46,25,10,8,1,0
49,39,3,2,1,0
7,2,1,52,1,1
26,7,1,60,1,1
45,35,4,6,3,0
86,35,14,4,5,0
94,37,3,5,3,0
12,9,5,56,1,1
112,18,15,6,2,0
104,27,10,8,1,0
11,8,5,38,1,1
112,22,9,6,2,0
102,27,10,8,3,0
51,34,7,6,4,0
102,9,10,5,3,0
31,3,3,60,1,1
36,30,6,3,5,0
12,7,2,43,1,1
113,18,7,9,4,0
32,7,3,25,0,1
60,14,14,8,6,0
74,24,5,5,3,0
105,37,13,6,2,0
16,6,1,54,1,1
107,19,10,7,5,0
105,14,15,7,2,0
54,24,14,4,4,0
65,12,9,3,8,0
54,23,12,2,7,0
13,4,1,10,1,1
79,17,11,7,2,0
46,33,10,4,5,0
77,23,6,1,6,0
32,11,4,61,1,1
11,8,4,43,1,1
12,8,2,61,1,1
2,1,3,30,0,1
65,20,13,1,4,0
29,6,1,22,0,1
116,28,10,6,3,0
100,28,14,6,7,0
123,40,8,5,8,0
52,32,4,3,6,0
41,24,8,7,3,0
43,12,8,6,3,0
40,21,15,2,2,0
51,34,11,6,6,0
117,12,14,6,3,0
73,28,13,6,8,0
13,5,1,41,1,1
96,38,5,5,8,0
61,18,10,6,4,0
53,13,12,7,4,0
21,12,2,50,1,1
55,22,13,4,4,0
74,19,11,3,8,0
79,19,8,3,6,0
39,14,12,5,8,0
53,12,10,1,8,0
117,37,8,1,4,0
79,21,14,6,1,0
13,11,5,51,1,1
122,18,15,6,6,0
96,20,4,8,1,0
75,31,4,8,6,0
12,6,1,14,0,1
25,1,2,32,0,1
110,34,6,4,7,0
102,39,6,2,7,0
51,14,15,6,8,0
103,32,15,8,2,0
55,10,6,6,1,0
13,8,3,22,0,1
75,16,13,1,3,0
61,17,6,3,5,0
51,39,8,7,1,0
78,14,5,9,4,0
1,3,2,54,1,1
7,9,1,22,1,1
74,20,8,6,3,0
21,4,1,20,1,1
86,16,13,7,5,0
41,22,9,7,1,0
15,1,2,31,1,1
38,14,5,7,6,0
73,29,5,4,8,0
48,39,7,5,8,0
47,9,11,1,2,0
83,27,6,3,8,0
101,11,12,1,2,0
28,38,14,1,6,0
84,23,5,1,1,0
30,5,2,45,1,1
117,16,5,4,7,0
18,5,3,47,1,1
76,17,13,9,4,0
24,7,5,36,0,1
42,32,11,3,1,0
65,38,8,8,1,0
110,24,6,3,1,0
104,10,15,5,5,0
19,2,4,63,0,1
106,21,15,9,8,0
117,10,7,6,8,0
64,12,10,5,2,0
14,8,3,25,0,1
122,42,11,9,5,0
28,13,16,7,5,0
85,9,12,3,3,0
21,1,4,19,0,1
102,24,13,3,3,0
15,11,3,53,0,1
50,17,6,4,6,0
89,25,8,3,1,0
40,21,10,3,8,0
45,17,12,7,2,0
27,11,4,63,0,1
85,26,14,6,8,0
63,33,4,4,2,0
90,39,12,9,4,0
74,35,11,5,2,0
115,12,13,7,5,0
62,40,14,5,1,0
82,11,5,5,6,0
12,12,3,50,1,1
106,42,6,6,7,0
82,16,8,7,8,0
80,10,12,7,2,0
3,11,1,32,0,1
80,36,4,4,3,0
39,22,9,8,1,0
63,11,12,2,7,0
104,24,11,6,2,0
7,6,2,44,0,1
38,24,9,4,2,0
26,9,4,44,1,1
24,7,5,28,1,1
101,16,10,7,1,0
23,2,2,55,1,1
1,7,2,13,1,1
104,28,12,7,7,0
120,30,7,1,5,0
27,11,5,8,5,0
39,21,10,6,5,0
31,20,10,5,3,0
21,9,3,45,0,1
6,9,1,39,0,1
27,3,1,58,1,1
67,27,14,5,4,0
50,14,6,4,5,0
21,3,4,17,1,1
52,20,15,4,2,0
18,8,2,13,0,1
14,10,3,23,0,1
32,39,7,6,3,0
47,39,5,3,4,0
88,19,15,8,7,0
110,14,8,6,3,0
8,7,2,28,1,1
113,20,7,5,8,0
57,16,16,6,5,0
19,1,5,39,1,1
111,32,7,7,3,0
46,38,4,3,6,0
78,40,8,7,1,0
106,37,6,4,3,0
33,3,2,14,0,1
94,18,12,2,7,0
116,38,10,3,5,0
32,8,1,39,0,1
111,36,14,6,6,0
98,28,15,5,7,0
17,9,2,61,0,1
33,7,1,29,1,1
40,36,15,5,7,0
25,11,1,47,1,1
38,15,4,9,8,0
49,25,11,1,4,0
1,1,3,24,0,1
88,24,6,4,1,0
26,6,4,17,0,1
44,19,4,6,4,0
42,28,12,10,1,0
59,18,7,3,6,0
32,24,10,5,1,0
40,21,5,8,1,0
41,12,3,5,7,0
33,4,2,12,1,1
108,20,12,5,1,0
25,6,3,38,0,1
103,30,13,3,3,0
101,25,13,7,2,0
1,6,1,32,1,1
75,8,14,5,4,0
120,32,9,3,3,0
26,35,13,4,3,0
41,23,11,5,5,0
52,33,6,4,3,0
44,25,8,3,3,0
39,24,3,6,5,0
13,6,4,41,0,1
105,12,7,10,6,0
36,13,14,3,4,0
54,38,5,6,8,0
68,12,3,1,8,0
25,6,2,18,0,1
22,6,2,39,0,1
105,19,5,4,3,0
82,13,14,4,6,0
39,11,12,1,7,0
94,20,15,10,2,0
28,7,2,53,0,1
107,16,10,5,3,0
14,4,1,40,0,1
20,1,1,29,1,1
13,3,3,15,1,1
98,36,6,5,3,0
21,6,2,60,1,1
65,38,7,6,4,0
14,5,3,20,0,1
14,1,4,32,1,1
75,17,6,8,3,0
35,6,2,11,1,1
17,3,3,18,0,1
119,11,5,3,5,0
31,22,15,4,6,0
2,4,2,20,1,1
83,32,15,1,2,0
2,7,3,37,1,1
14,3,5,58,0,1
80,30,14,4,6,0
79,17,13,8,4,0
66,19,7,4,4,0
31,7,1,14,1,1
12,9,2,47,1,1
30,22,10,4,1,0
5,1,3,49,1,1
88,27,8,1,4,0
6,2,2,31,1,1
73,33,5,4,6,0
3,7,2,34,1,1
93,26,9,5,1,0
2,2,1,28,1,1
112,37,9,10,1,0
79,24,7,4,1,0
57,35,6,6,1,0
16,8,5,33,0,1
9,4,5,12,0,1
33,2,3,34,1,1
84,39,3,5,3,0
25,2,2,55,0,1
107,35,13,5,2,0
96,31,4,5,6,0
18,9,3,43,1,1
27,4,4,57,1,1
123,13,8,1,8,0
75,31,6,6,8,0
8,2,1,41,0,1
105,15,12,3,3,0
46,17,9,4,5,0
29,11,2,14,1,1
28,2,1,19,0,1
26,4,2,18,0,1
1,3,4,54,0,1
31,21,8,7,4,0
90,22,12,6,7,0
43,29,4,5,3,0
82,39,12,1,3,0
1,7,2,59,1,1
104,10,8,1,7,0
102,39,8,9,7,0
80,39,5,2,7,0
63,20,13,2,8,0
54,30,7,8,7,0
89,15,6,6,3,0
53,17,8,8,7,0
15,8,4,52,0,1
97,41,12,6,2,0
26,4,4,26,0,1
30,3,4,24,1,1
59,16,6,8,1,0
17,8,4,13,1,1
21,7,5,32,1,1
31,6,3,35,0,1
6,8,3,57,1,1
55,18,9,4,1,0
22,7,1,32,0,1
15,9,3,35,1,1
64,13,7,2,2,0
9,1,3,50,0,1
72,40,8,2,1,0
11,6,2,52,0,1
93,34,9,5,3,0
101,18,10,2,4,0
99,36,10,2,5,0
115,41,6,7,1,0
87,24,11,2,7,0
35,13,7,3,1,0
1,1,2,32,0,1
7,4,2,29,0,1
31,30,9,1,2,0
49,40,5,3,2,0
53,25,11,4,1,0
18,2,2,49,1,1
114,34,12,2,4,0
76,36,10,6,4,0
42,24,8,4,8,0
1,11,1,34,1,1
43,8,11,4,3,0
97,32,13,8,3,0
28,4,3,61,1,1
3,2,3,26,0,1
40,34,14,6,5,0
112,31,14,6,3,0
110,19,8,5,1,0
8,3,2,46,0,1
58,12,11,5,6,0
10,4,1,54,0,1
23,5,4,23,1,1
65,35,12,1,6,0
21,1,2,18,1,1
18,8,4,36,1,1
80,30,7,6,6,0
2,7,1,18,0,1
9,8,3,17,0,1
59,29,7,10,7,0
86,20,3,7,8,0
88,18,6,9,3,0
7,10,3,55,1,1
109,37,8,5,5,0
81,22,9,3,1,0
49,12,4,1,2,0
16,8,2,27,1,1
82,40,13,6,7,0
67,26,11,5,8,0
74,21,14,3,5,0
65,34,8,6,4,0
16,5,3,42,1,1
4,8,5,25,1,1
28,17,8,5,2,0
56,25,8,5,2,0
105,37,13,8,6,0
84,16,8,4,5,0
31,4,2,36,0,1
88,19,6,8,5,0
23,11,2,22,0,1
111,35,12,9,4,0
59,15,7,2,2,0
54,13,11,10,1,0
66,30,15,10,7,0
45,11,8,3,1,0
18,1,1,56,0,1
27,7,1,20,0,1
22,10,5,24,1,1
15,7,2,47,0,1
55,17,14,2,7,0
98,26,8,3,4,0
113,33,6,2,4,0
81,15,15,3,1,0
10,11,5,61,0,1
27,1,4,36,0,1
61,12,10,4,4,0
56,29,10,2,3,0
70,14,10,7,6,0
44,28,7,3,3,0
38,15,6,2,4,0
91,13,15,7,2,0
6,10,4,20,1,1
35,13,7,6,6,0
23,8,2,42,0,1
29,1,2,17,1,1
49,38,6,5,3,0
78,40,9,8,8,0
62,21,5,6,3,0
64,26,11,5,8,0
8,3,2,32,0,1
9,4,2,28,1,1
1,1,1,21,0,1
98,12,8,9,6,0
38,22,5,7,8,0
75,12,14,6,5,0
27,1,4,18,0,1
4,4,4,21,0,1
83,15,11,8,6,0
6,4,1,55,0,1
35,21,13,8,8,0
93,11,7,2,6,0
69,18,15,4,8,0
112,30,7,2,6,0
90,25,10,7,3,0
37,40,9,2,2,0
16,1,2,49,1,1
47,29,8,5,7,0
32,2,3,23,1,1
77,33,8,4,1,0
38,17,15,8,1,0
6,2,1,51,0,1
16,4,1,58,1,1
97,20,9,2,2,0
95,9,9,5,5,0
92,39,12,5,8,0
10,9,3,35,1,1
115,14,4,4,3,0
31,18,16,2,1,0
40,20,16,6,2,0
86,30,12,5,5,0
50,12,15,7,1,0
113,31,6,6,1,0
17,4,1,45,1,1
74,34,7,2,4,0
24,5,5,48,0,1
82,28,14,4,3,0
106,37,6,9,7,0
45,28,9,6,2,0
39,15,9,5,5,0
98,34,5,5,4,0
29,2,4,23,1,1
120,8,11,3,8,0
105,35,10,6,3,0
32,4,2,62,0,1
82,15,11,8,2,0
19,2,4,32,1,1
11,8,4,47,1,1
10,8,5,26,1,1
12,7,4,23,1,1
27,5,3,49,0,1
105,24,11,8,5,0
31,28,4,8,8,0
108,35,14,3,7,0
29,8,3,19,1,1
111,20,8,7,2,0
72,22,4,6,3,0
48,14,3,4,7,0
99,31,4,2,3,0
63,8,12,7,4,0
98,25,8,6,8,0
55,8,5,4,6,0
70,35,11,8,7,0
28,41,9,7,5,0
87,28,15,6,5,0
94,40,14,3,2,0
28,1,2,16,0,1
61,41,9,2,5,0
65,30,9,3,7,0
48,12,9,5,7,0
7,2,1,49,0,1
34,18,12,4,8,0
12,5,1,48,1,1
67,10,11,8,2,0
49,33,12,1,1,0
34,3,4,25,0,1
68,27,15,6,4,0
16,9,2,21,0,1
72,13,11,1,6,0
37,20,5,4,1,0
88,18,8,4,4,0
93,34,14,8,5,0
118,35,14,4,4,0
57,24,11,8,1,0
38,39,6,6,4,0
37,24,11,5,3,0
87,16,5,2,7,0
45,23,15,3,7,0
95,12,6,7,2,0
67,38,11,6,2,0
18,8,1,32,0,1
61,38,9,9,7,0
100,33,5,9,1,0
96,17,12,1,4,0
18,9,5,53,1,1
99,34,12,3,8,0
80,35,12,2,6,0
7,4,3,17,1,1
111,37,15,10,2,0
102,39,12,4,8,0
62,38,9,9,2,0
3,8,5,43,0,1
59,24,11,6,7,0
92,38,11,1,5,0
23,12,1,17,1,1
99,37,9,5,4,0
24,1,3,57,0,1
6,1,1,46,0,1
24,3,4,28,0,1
87,9,14,1,6,0
73,10,6,2,4,0
25,8,4,22,1,1
78,25,14,6,7,0
112,11,15,1,6,0
72,24,14,4,2,0
88,26,6,4,6,0
119,28,4,8,3,0
38,38,6,4,7,0
62,19,6,4,2,0
27,8,1,12,0,1
106,39,7,3,5,0
99,25,4,2,8,0
55,23,7,8,2,0
95,32,14,4,6,0
40,25,12,3,5,0
56,28,12,8,5,0
26,8,2,57,0,1
87,14,12,6,4,0
25,2,3,30,0,1
94,40,5,7,8,0
11,10,2,58,0,1
66,11,8,5,1,0
16,3,4,11,0,1
49,9,9,1,3,0
12,8,3,17,0,1
114,27,14,5,5,0
55,38,12,9,2,0
114,40,5,5,5,0
18,10,2,57,1,1
74,11,11,6,5,0
119,28,13,5,3,0
6,2,1,31,1,1
92,9,5,5,7,0
4,11,4,59,0,1
71,16,10,7,1,0
30,11,6,3,4,0
87,14,14,6,2,0
45,11,8,8,7,0
36,28,9,5,3,0
116,35,7,9,7,0
37,24,4,3,5,0
3,4,2,27,0,1
35,14,8,2,4,0
25,1,3,32,1,1
116,13,9,6,6,0
43,28,12,5,5,0
70,37,14,3,6,0
100,32,6,5,2,0
27,6,5,28,1,1
88,23,4,1,5,0
63,22,15,4,2,0
110,37,12,1,2,0
95,39,6,5,3,0
98,22,7,4,1,0
94,22,10,2,7,0
56,15,14,7,8,0
1,2,3,13,0,1
65,35,14,7,8,0
92,26,12,9,2,0
1,9,2,36,0,1
92,31,13,5,8,0
76,20,12,8,2,0
40,10,3,7,5,0
38,35,6,5,2,0
107,29,13,6,5,0
16,1,1,23,1,1
62,18,10,7,1,0
63,20,13,6,5,0
2,3,1,30,0,1
51,30,6,5,8,0
17,1,1,44,1,1
35,2,4,25,1,1
57,19,10,4,1,0
97,42,5,7,6,0
21,4,2,31,0,1
108,16,6,1,5,0
97,15,11,2,8,0
42,28,14,6,7,0
58,41,13,8,6,0
70,18,16,6,5,0
9,3,2,37,1,1
43,19,8,2,6,0
45,19,7,6,7,0
72,33,5,8,3,0
18,8,3,55,1,1
42,41,14,5,7,0
15,6,5,15,0,1
37,25,5,8,5,0
5,2,3,29,0,1
22,7,3,19,0,1
25,5,1,34,1,1
6,7,1,59,0,1
35,27,5,5,4,0
112,30,9,6,3,0
82,25,4,3,7,0
2,2,2,21,1,1
48,17,5,4,7,0
55,23,5,1,7,0
122,18,6,8,8,0
1,1,1,29,0,1
13,3,5,60,0,1
40,38,15,10,7,0
8,10,4,17,1,1
2,1,1,26,1,1
48,8,11,2,8,0
22,1,2,38,0,1
92,12,14,7,3,0
16,9,2,42,1,1
54,10,11,7,2,0
95,20,10,5,1,0
8,3,1,25,1,1
82,29,14,8,7,0
95,10,9,9,8,0
42,15,13,6,6,0
24,5,3,18,1,1
73,11,13,4,5,0
61,26,5,2,5,0
38,33,9,4,2,0
77,41,5,5,8,0
59,17,15,6,6,0
73,11,5,7,5,0
104,36,9,10,2,0
46,15,12,6,2,0
105,21,13,4,2,0
108,10,15,9,8,0
66,36,8,6,6,0
77,11,10,4,1,0
79,21,8,6,8,0
89,21,8,1,1,0
19,4,3,55,0,1
60,35,9,9,7,0
67,10,10,6,7,0
12,4,1,43,0,1
14,10,3,54,0,1
16,7,4,51,0,1
18,7,1,22,0,1
35,30,13,9,3,0
25,6,3,38,1,1
39,33,11,6,8,0
37,30,15,7,1,0
19,3,3,56,0,1
3,4,4,18,0,1
42,38,11,1,7,0
102,22,6,6,5,0
81,13,4,10,7,0
11,5,1,20,1,1
29,6,1,52,1,1
28,36,4,6,8,0
11,1,4,53,0,1
81,37,12,2,5,0
31,9,1,49,1,1
58,40,12,1,7,0
25,9,2,18,0,1
23,10,1,46,0,1
108,10,8,9,7,0
115,20,6,4,3,0
58,30,16,5,6,0
100,24,8,9,1,0
7,1,2,44,0,1
49,17,4,4,5,0
100,38,4,5,4,0
48,8,5,3,6,0
31,5,3,14,0,1
121,40,5,5,7,0
54,28,7,7,4,0
53,26,10,5,1,0
18,2,1,21,1,1
76,36,14,4,6,0
3,1,2,43,1,1
78,17,7,2,1,0
106,15,10,5,2,0
117,18,4,6,6,0
9,9,2,19,1,1
28,8,3,20,1,1
111,33,11,3,6,0
43,12,8,7,4,0
55,32,7,1,2,0
85,26,14,4,3,0
65,39,5,3,2,0
120,19,16,4,2,0
101,26,12,1,7,0
30,2,2,50,1,1
8,6,3,58,1,1
97,34,9,8,4,0
12,5,4,62,0,1
112,28,7,4,5,0
101,21,6,4,3,0
16,3,3,56,1,1
50,27,7,2,1,0
1,7,3,50,0,1
119,22,4,3,7,0
1,8,3,38,0,1
27,30,8,5,2,0
52,27,13,1,3,0
100,18,9,10,1,0
91,32,3,5,7,0
2,7,5,21,1,1
11,2,1,46,1,1
39,22,9,6,3,0
6,1,2,28,0,1
12,7,2,30,0,1
74,27,10,4,7,0
20,6,1,51,0,1
68,11,12,8,8,0
49,14,8,9,3,0
66,17,8,2,8,0
76,35,7,8,7,0
1,4,2,30,1,1
33,20,15,5,3,0
29,42,4,6,6,0
62,15,6,7,5,0
33,29,6,5,2,0
111,29,10,9,2,0
13,6,4,25,1,1
88,36,14,9,6,0
79,34,8,3,2,0
91,32,13,7,1,0
7,8,2,12,1,1
101,23,4,2,4,0
33,18,16,5,8,0
38,21,10,8,8,0
46,28,6,5,3,0
43,31,4,8,8,0
73,32,12,10,1,0
69,29,7,7,8,0
26,5,1,51,1,1
6,6,5,60,0,1
76,17,5,10,1,0
26,3,3,25,0,1
8,8,1,45,0,1
87,35,4,5,7,0
63,14,4,3,4,0
22,12,2,19,1,1
81,30,5,1,6,0
110,28,7,4,4,0
11,3,1,62,0,1
35,21,15,3,5,0
108,27,14,8,1,0
18,4,1,30,0,1
101,15,9,6,5,0
112,26,4,5,2,0
111,40,10,8,3,0
36,33,5,7,3,0
16,1,4,53,1,1
101,30,5,8,7,0
26,26,5,4,3,0
116,34,6,5,4,0
111,22,14,9,3,0
25,8,2,15,0,1
118,36,10,1,7,0
1,3,5,34,0,1
85,37,16,3,4,0
66,15,10,4,3,0
87,19,12,8,2,0
5,7,4,45,0,1
94,18,11,3,5,0
11,9,2,37,1,1
108,13,7,3,5,0
33,39,8,5,7,0
33,24,11,6,2,0
78,24,14,8,3,0
72,36,13,8,8,0
11,10,1,33,1,1
56,10,11,8,5,0
94,32,7,6,2,0
39,18,9,1,8,0
9,4,1,27,0,1
100,23,10,5,8,0
109,19,14,3,5,0
118,30,5,1,3,0
96,23,11,8,2,0
107,40,12,10,1,0
28,10,11,9,6,0
44,38,13,5,6,0
4,5,1,60,1,1
40,29,6,3,6,0
95,16,13,2,2,0
100,34,15,5,1,0
37,27,7,4,8,0
52,36,8,10,5,0
67,26,9,1,8,0
39,39,3,9,8,0
86,31,5,6,6,0
7,10,2,16,1,1
39,27,10,4,1,0
26,4,3,39,1,1
117,11,9,2,8,0
61,38,3,9,5,0
29,32,8,4,3,0
15,6,5,60,0,1
24,7,5,55,1,1
35,14,9,5,3,0
83,32,14,4,4,0
36,39,6,8,8,0
33,3,5,43,0,1
7,12,1,15,0,1
26,4,2,17,0,1
75,25,8,5,6,0
4,3,1,17,1,1
72,18,13,5,1,0
16,7,1,46,0,1
9,9,1,51,1,1
14,6,4,21,1,1
31,19,8,4,3,0
41,20,11,10,8,0
67,40,4,4,4,0
36,22,4,1,2,0
109,11,5,6,4,0
1,2,2,20,1,1
122,17,12,10,6,0
45,26,13,10,3,0
17,1,3,40,1,1
64,30,14,5,1,0
7,7,2,27,0,1
103,28,10,4,6,0
11,5,2,23,1,1
68,33,9,6,1,0
6,9,4,11,1,1
30,5,1,21,0,1
35,22,6,5,1,0
45,21,11,1,6,0
50,20,8,2,4,0
63,10,14,5,5,0
12,12,2,29,1,1
19,12,3,39,1,1
49,28,7,5,6,0
95,39,3,5,8,0
32,1,4,25,0,1
105,20,9,7,4,0
7,3,1,46,1,1
7,7,2,61,0,1
24,2,4,20,1,1
93,36,8,6,3,0
43,20,14,1,2,0
5,9,3,27,0,1
97,14,12,2,8,0
26,6,2,37,0,1
17,1,1,47,0,1
14,3,1,23,1,1
92,14,7,3,7,0
23,10,1,37,0,1
38,22,13,3,3,0
39,31,3,8,8,0
119,29,10,6,6,0
74,26,3,7,7,0
7,10,4,49,1,1
92,20,8,4,8,0
61,30,16,8,8,0
16,4,4,51,1,1
25,7,1,29,0,1
47,31,6,4,5,0
105,26,15,8,2,0
69,16,9,3,1,0
123,41,7,3,4,0
13,5,3,33,1,1
92,33,12,8,3,0
109,26,5,2,5,0
43,33,7,7,5,0
104,27,13,8,5,0
115,26,12,2,7,0
25,6,3,21,1,1
45,21,4,6,7,0
69,33,11,9,7,0
8,5,3,43,1,1
30,12,4,7,8,0
12,1,3,15,1,1
51,36,9,10,5,0
65,12,6,10,4,0
1,7,2,29,1,1
14,3,1,52,1,1
32,17,5,10,6,0
105,34,9,9,2,0
89,31,6,9,8,0
60,19,6,7,5,0
99,9,8,5,1,0
19,4,2,47,1,1
25,5,2,21,1,1
44,30,5,10,4,0
8,5,3,49,0,1
44,28,16,6,8,0
104,23,5,7,5,0
26,11,3,22,0,1
8,11,4,54,1,1
61,16,11,4,6,0
10,7,3,42,1,1
35,20,10,1,4,0
17,1,4,45,0,1
21,4,3,49,0,1
50,19,15,7,2,0
54,40,5,1,8,0
22,9,3,29,1,1
21,7,3,15,1,1
99,11,12,8,1,0
107,14,9,5,1,0
104,35,16,6,7,0
103,24,10,3,4,0
19,1,1,24,1,1
23,12,2,49,1,1
107,28,13,5,7,0
6,6,1,34,1,1
50,19,10,9,3,0
64,17,9,8,7,0
9,7,2,39,1,1
94,35,15,9,4,0
89,23,6,7,2,0
112,9,14,7,6,0
100,25,14,6,4,0
65,19,12,4,4,0
88,39,5,7,2,0
13,8,5,20,1,1
38,29,15,3,8,0
6,5,4,60,1,1
91,29,8,1,4,0
59,39,6,8,6,0
29,3,4,47,1,1
118,29,7,8,8,0
26,6,1,19,0,1
60,17,5,6,2,0
63,25,7,5,7,0
80,36,12,5,5,0
115,26,10,7,5,0
103,13,9,1,8,0
9,9,1,35,0,1
15,5,5,34,0,1
31,7,4,13,0,1
108,18,8,8,1,0
21,3,3,57,0,1
89,14,13,5,7,0
67,31,9,2,5,0
115,16,9,7,1,0
23,2,3,43,1,1
20,3,2,20,1,1
104,16,7,4,6,0
11,7,2,34,0,1
51,23,8,2,6,0
51,30,5,5,8,0
30,16,12,2,1,0
11,6,3,53,1,1
100,16,12,1,5,0
76,19,10,9,2,0
10,7,2,20,1,1
69,14,6,3,1,0
82,27,13,3,7,0
30,7,1,12,0,1
103,11,9,3,2,0
53,32,4,10,1,0
36,29,13,5,6,0
25,2,5,51,0,1
34,22,7,1,4,0
41,15,13,3,6,0
24,3,1,27,0,1
90,11,6,6,2,0
30,15,9,4,4,0
45,20,3,1,6,0
1,8,3,17,0,1
54,20,11,3,4,0
48,20,5,5,7,0
10,5,3,54,1,1
82,17,7,6,8,0
80,25,7,3,3,0
87,32,15,5,4,0
86,36,8,3,7,0
13,7,3,46,0,1
65,38,14,6,1,0
91,37,10,3,4,0
87,34,9,7,7,0
98,30,16,7,7,0
8,7,1,56,1,1
95,13,5,9,8,0
13,7,2,55,1,1
10,12,1,37,0,1
106,28,7,5,2,0
20,1,1,35,0,1
58,24,5,3,1,0
111,22,11,6,1,0
43,16,5,5,7,0
75,29,8,8,3,0
83,15,8,8,2,0
24,5,2,22,1,1
4,5,4,53,1,1
85,31,3,7,4,0
43,42,9,1,3,0
57,27,12,3,1,0
66,15,12,7,7,0
38,17,3,9,5,0
53,12,4,4,2,0
115,26,14,6,2,0
4,5,3,35,0,1
17,1,2,31,0,1
10,5,2,18,0,1
121,27,12,6,2,0
10,1,1,29,1,1
42,34,15,3,5,0
1,2,2,30,0,1
15,5,2,43,0,1
11,10,3,28,1,1
44,9,15,6,5,0
99,19,6,1,3,0
55,13,10,4,6,0
7,7,1,37,1,1
108,24,16,4,2,0
41,41,15,6,5,0
61,24,13,4,4,0
112,32,16,5,7,0
73,35,13,2,3,0
80,22,5,8,6,0
27,25,5,7,1,0
55,10,9,8,7,0
44,40,5,1,7,0
22,3,4,18,0,1
41,12,8,10,3,0
55,27,6,4,1,0
13,2,3,47,1,1
